No,Full name,DoB,Email,Address,Credit score,Gender,Height (cm),Weight (kg)
1,John Smith,1990-05-15,john.smith@email.com,"123 Main St, New York, NY 10001",750,Male,175,70
2,Jane Doe,1985-08-22,jane.doe@company.com,"456 Oak Ave, Los Angeles, CA 90210",820,Female,162,55
3,Michael Johnson,1992-03-10,mike.j@example.org,"789 Pine Rd, Chicago, IL 60601",680,Male,180,85
4,Sarah Wilson,1988-12-03,sarah.wilson@email.net,"321 Elm St, Houston, TX 77001",790,Female,168,62
5,David Brown,1995-07-18,david.brown@test.com,"654 Maple Dr, Phoenix, AZ 85001",720,Male,185,90
6,Lisa Garcia,1991-11-25,lisa.garcia@email.org,"987 Cedar Ln, Philadelphia, PA 19101",850,Female,155,50
7,Robert Miller,1987-04-12,robert.miller@company.net,"147 Birch St, San Antonio, TX 78201",710,Male,178,82
8,Jennifer Davis,1993-09-08,jennifer.davis@example.com,"258 Spruce Ave, San Diego, CA 92101",880,Female,170,65
9,Christopher Lee,1989-01-30,chris.lee@email.com,"369 Willow Rd, Dallas, TX 75201",760,Male,182,88
10,Michelle Rodriguez,1994-06-14,michelle.rodriguez@test.org,"741 Poplar St, San Jose, CA 95101",800,Female,165,58
11,James Wilson,1986-10-07,james.wilson@company.com,"852 Ash Ave, Austin, TX 78701",730,Male,190,95
12,Amanda Taylor,1990-02-19,amanda.taylor@email.net,"963 Hickory Ln, Jacksonville, FL 32201",840,Female,160,52
13,Daniel Anderson,1992-12-11,daniel.anderson@example.org,"159 Sycamore Dr, Fort Worth, TX 76101",690,Male,175,78
14,Ashley Thomas,1988-05-26,ashley.thomas@test.com,"357 Beech St, Columbus, OH 43201",870,Female,172,68
15,Matthew Jackson,1991-08-03,matthew.jackson@email.com,"468 Cherry Ave, Charlotte, NC 28201",740,Male,183,86
16,Stephanie White,1987-11-16,stephanie.white@company.net,"579 Dogwood Rd, Seattle, WA 98101",820,Female,158,54
17,Andrew Harris,1993-04-09,andrew.harris@example.com,"680 Magnolia Ln, Denver, CO 80201",750,Male,177,80
18,Nicole Martin,1989-07-22,nicole.martin@email.org,"791 Redwood St, Washington, DC 20001",860,Female,166,61
19,Kevin Thompson,1995-01-14,kevin.thompson@test.net,"892 Cypress Ave, Boston, MA 02101",700,Male,188,92
20,Rachel Garcia,1990-10-28,rachel.garcia@company.com,"903 Fir Dr, El Paso, TX 79901",810,Female,163,57
21,Justin Martinez,1986-03-05,justin.martinez@email.com,"014 Hemlock Rd, Nashville, TN 37201",720,Male,181,84
22,Samantha Robinson,1992-09-17,samantha.robinson@example.net,"125 Juniper St, Detroit, MI 48201",880,Female,169,66
23,Brandon Clark,1988-12-24,brandon.clark@test.com,"236 Pine Ln, Portland, OR 97201",760,Male,176,79
24,Lauren Rodriguez,1994-06-01,lauren.rodriguez@email.org,"347 Oak Ave, Memphis, TN 38101",850,Female,164,59
25,Tyler Lewis,1991-02-13,tyler.lewis@company.net,"458 Maple Dr, Louisville, KY 40201",730,Male,184,87
26,Brittany Lee,1987-08-06,brittany.lee@example.com,"569 Cedar Rd, Baltimore, MD 21201",800,Female,161,53
27,Jonathan Walker,1993-11-19,jonathan.walker@email.com,"670 Birch St, Milwaukee, WI 53201",740,Male,179,81
28,Danielle Hall,1989-05-02,danielle.hall@test.org,"781 Spruce Ave, Albuquerque, NM 87101",870,Female,167,64
29,Ryan Allen,1995-09-15,ryan.allen@company.com,"892 Willow Ln, Tucson, AZ 85701",710,Male,186,89
30,Heather Young,1990-01-28,heather.young@email.net,"903 Poplar Dr, Fresno, CA 93701",820,Female,159,51
31,Nathan King,1986-07-11,nathan.king@example.com,"014 Ash Rd, Sacramento, CA 95801",750,Male,182,85
32,Melissa Wright,1992-04-24,melissa.wright@test.com,"125 Hickory St, Mesa, AZ 85201",860,Female,171,67
33,Joshua Lopez,1988-10-07,joshua.lopez@email.org,"236 Sycamore Ave, Kansas City, MO 64101",780,Male,177,83
34,Angela Hill,1994-03-20,angela.hill@company.net,"347 Beech Ln, Atlanta, GA 30301",840,Female,165,60
35,Jacob Scott,1991-12-13,jacob.scott@example.com,"458 Cherry Dr, Long Beach, CA 90801",720,Male,180,86
36,Kimberly Green,1987-06-26,kimberly.green@email.com,"569 Dogwood Rd, Colorado Springs, CO 80901",890,Female,162,55
37,Alexander Adams,1993-02-09,alexander.adams@test.org,"680 Magnolia St, Raleigh, NC 27601",760,Male,185,88
38,Christina Baker,1989-08-22,christina.baker@company.com,"791 Redwood Ave, Miami, FL 33101",810,Female,168,63
39,Benjamin Nelson,1995-05-05,benjamin.nelson@example.net,"892 Cypress Ln, Virginia Beach, VA 23401",730,Male,183,84
40,Jessica Carter,1990-11-18,jessica.carter@email.com,"903 Fir Dr, Omaha, NE 68101",850,Female,160,52
41,Samuel Mitchell,1986-04-01,samuel.mitchell@test.com,"014 Hemlock Rd, Oakland, CA 94601",700,Male,188,91
42,Amanda Perez,1992-10-14,amanda.perez@company.org,"125 Juniper St, Minneapolis, MN 55401",880,Female,167,65
43,Anthony Roberts,1988-01-27,anthony.roberts@example.com,"236 Pine Ave, Tulsa, OK 74101",740,Male,176,78
44,Sarah Turner,1994-07-10,sarah.turner@email.net,"347 Oak Ln, Arlington, TX 76001",820,Female,163,58
45,Christopher Phillips,1991-03-23,chris.phillips@test.com,"458 Maple Dr, Tampa, FL 33601",770,Male,181,82
46,Jennifer Campbell,1987-09-06,jennifer.campbell@company.com,"569 Cedar Rd, New Orleans, LA 70101",860,Female,169,66
47,Daniel Parker,1993-12-19,daniel.parker@example.org,"670 Birch St, Wichita, KS 67201",750,Male,184,87
48,Lisa Evans,1989-06-02,lisa.evans@email.com,"781 Spruce Ave, Cleveland, OH 44101",800,Female,158,54
49,Michael Edwards,1995-02-15,michael.edwards@test.net,"892 Willow Ln, Bakersfield, CA 93301",720,Male,187,90
50,Michelle Collins,1990-08-28,michelle.collins@company.com,"903 Poplar Dr, Aurora, CO 80001",870,Female,166,61
51,David Stewart,1986-05-11,david.stewart@example.com,"014 Ash Rd, Anaheim, CA 92801",760,Male,179,80
52,Ashley Sanchez,1992-11-24,ashley.sanchez@email.org,"125 Hickory St, Santa Ana, CA 92701",840,Female,164,57
53,Robert Morris,1988-03-07,robert.morris@test.com,"236 Sycamore Ave, Corpus Christi, TX 78401",710,Male,182,84
54,Stephanie Rogers,1994-09-20,stephanie.rogers@company.net,"347 Beech Ln, Riverside, CA 92501",890,Female,170,68
55,James Reed,1991-01-13,james.reed@example.com,"458 Cherry Dr, Lexington, KY 40501",780,Male,186,89
56,Nicole Cook,1987-07-26,nicole.cook@email.com,"569 Dogwood Rd, Stockton, CA 95201",850,Female,161,53
57,Kevin Bailey,1993-04-09,kevin.bailey@test.org,"680 Magnolia St, Toledo, OH 43601",740,Male,183,86
58,Rachel Rivera,1989-10-22,rachel.rivera@company.com,"791 Redwood Ave, St. Paul, MN 55101",820,Female,165,59
59,Justin Cooper,1995-06-05,justin.cooper@example.net,"892 Cypress Ln, Newark, NJ 07101",750,Male,180,83
60,Samantha Richardson,1990-12-18,samantha.richardson@email.com,"903 Fir Dr, Greensboro, NC 27401",860,Female,168,64
61,Brandon Cox,1986-08-01,brandon.cox@test.com,"014 Hemlock Rd, Plano, TX 75001",720,Male,185,88
62,Lauren Howard,1992-03-14,lauren.howard@company.org,"125 Juniper St, Norfolk, VA 23501",880,Female,159,51
63,Tyler Ward,1988-09-27,tyler.ward@example.com,"236 Pine Ave, Chandler, AZ 85201",770,Male,177,81
64,Brittany Torres,1994-05-10,brittany.torres@email.net,"347 Oak Ln, Laredo, TX 78001",840,Female,163,56
65,Jonathan Peterson,1991-11-23,jonathan.peterson@test.com,"458 Maple Dr, Madison, WI 53701",760,Male,184,87
66,Danielle Gray,1987-07-06,danielle.gray@company.com,"569 Cedar Rd, Durham, NC 27701",810,Female,167,62
67,Ryan Ramirez,1993-02-19,ryan.ramirez@example.org,"680 Birch St, Lubbock, TX 79401",730,Male,188,92
68,Heather James,1989-08-02,heather.james@email.com,"781 Spruce Ave, Buffalo, NY 14201",850,Female,160,50
69,Nathan Watson,1995-04-15,nathan.watson@test.net,"892 Willow Ln, Laredo, TX 78001",700,Male,181,84
70,Melissa Brooks,1990-10-28,melissa.brooks@company.com,"903 Poplar Dr, Spokane, WA 99201",870,Female,172,69
71,Joshua Kelly,1986-06-11,joshua.kelly@example.com,"014 Ash Rd, Glendale, AZ 85301",750,Male,179,82
72,Angela Sanders,1992-12-24,angela.sanders@email.org,"125 Hickory St, Tacoma, WA 98401",820,Female,166,61
73,Jacob Price,1988-09-07,jacob.price@test.com,"236 Sycamore Ave, Irving, TX 75001",780,Male,186,90
74,Kimberly Bennett,1994-05-20,kimberly.bennett@company.net,"347 Beech Ln, Fort Wayne, IN 46801",860,Female,164,58
75,Alexander Wood,1991-01-13,alexander.wood@example.com,"458 Cherry Dr, Fremont, CA 94501",740,Male,183,85
76,Christina Barnes,1987-07-26,christina.barnes@email.com,"569 Dogwood Rd, San Bernardino, CA 92401",890,Female,169,67
77,Benjamin Ross,1993-04-09,benjamin.ross@test.org,"680 Magnolia St, Boise, ID 83701",760,Male,180,83
78,Jessica Henderson,1989-10-22,jessica.henderson@company.com,"791 Redwood Ave, Richmond, VA 23201",840,Female,162,55
79,Samuel Coleman,1995-06-05,samuel.coleman@example.net,"892 Cypress Ln, Baton Rouge, LA 70801",720,Male,187,89
80,Amanda Jenkins,1990-12-18,amanda.jenkins@email.com,"903 Fir Dr, Spokane, WA 99201",850,Female,165,60
81,Anthony Perry,1986-08-01,anthony.perry@test.com,"014 Hemlock Rd, Des Moines, IA 50301",770,Male,184,86
82,Sarah Powell,1992-03-14,sarah.powell@company.org,"125 Juniper St, Modesto, CA 95301",820,Female,158,52
83,Christopher Long,1988-09-27,chris.long@example.com,"236 Pine Ave, Fontana, CA 92301",750,Male,182,84
84,Jennifer Patterson,1994-05-10,jennifer.patterson@email.net,"347 Oak Ln, Santa Clarita, CA 91301",880,Female,171,68
85,Daniel Hughes,1991-11-23,daniel.hughes@test.com,"458 Maple Dr, Birmingham, AL 35201",710,Male,185,87
86,Lisa Flores,1987-07-06,lisa.flores@company.com,"569 Cedar Rd, Moreno Valley, CA 92501",860,Female,163,57
87,Michael Washington,1993-02-19,michael.washington@example.org,"680 Birch St, Rochester, NY 14601",780,Male,188,91
88,Michelle Butler,1989-08-02,michelle.butler@email.com,"781 Spruce Ave, Glendale, CA 91201",800,Female,167,63
89,David Simmons,1995-04-15,david.simmons@test.net,"892 Willow Ln, Montgomery, AL 36101",740,Male,183,86
90,Ashley Foster,1990-10-28,ashley.foster@company.com,"903 Poplar Dr, Gilbert, AZ 85201",870,Female,160,54
91,Robert Gonzales,1986-06-11,robert.gonzales@example.com,"014 Ash Rd, Chesapeake, VA 23301",760,Male,181,83
92,Stephanie Bryant,1992-12-24,stephanie.bryant@email.org,"125 Hickory St, Madison, WI 53701",840,Female,169,66
93,James Alexander,1988-09-07,james.alexander@test.com,"236 Sycamore Ave, Scottsdale, AZ 85201",720,Male,186,89
94,Nicole Russell,1994-05-20,nicole.russell@company.net,"347 Beech Ln, Glendale, CA 91201",890,Female,164,59
95,Kevin Griffin,1991-01-13,kevin.griffin@example.com,"458 Cherry Dr, Winston-Salem, NC 27101",750,Male,179,81
96,Rachel Diaz,1987-07-26,rachel.diaz@email.com,"569 Dogwood Rd, Salem, OR 97301",820,Female,166,62
97,Justin Hayes,1993-04-09,justin.hayes@test.org,"680 Magnolia St, Pasadena, TX 77501",780,Male,184,87
98,Samantha Myers,1989-10-22,samantha.myers@company.com,"791 Redwood Ave, Oceanside, CA 92001",850,Female,162,55
99,Brandon Ford,1995-06-05,brandon.ford@example.net,"892 Cypress Ln, Rockford, IL 61101",710,Male,187,90
100,Lauren Hamilton,1990-12-18,lauren.hamilton@email.com,"903 Fir Dr, Pomona, CA 91701",860,Female,168,64
